GCF_000195955.2	ASM19595v2	Mycobacterium tuberculosis H37Rv
GCF_000196555.1	ASM19655v1	Bifidobacterium longum subsp. longum JCM 1217
GCF_000009765.2	ASM976v2	Streptomyces avermitilis MA-4680 = NBRC 14893
GCF_000062885.1	ASM6288v1	Saccharopolyspora erythraea NRRL 2338
GCF_000157895.3	ASM15789v2	Mycobacterium kansasii ATCC 12478
GCF_001632805.1	ASM163280v1	Mycobacteroides chelonae CCUG 47445
GCF_002706665.1	ASM270666v1	Bifidobacterium pseudolongum subsp. globosum DSM 20092
GCF_000284295.1	ASM28429v1	Actinoplanes missouriensis 431
GCF_000331185.2	ASM33118v2	Streptomyces rimosus subsp. rimosus ATCC 10970
GCF_008704425.1	ASM870442v1	Streptomyces fradiae ATCC 10745 = DSM 40063
GCF_000023145.1	ASM2314v1	Corynebacterium kroppenstedtii DSM 44385
GCF_001025195.1	ASM102519v1	Bifidobacterium catenulatum DSM 16992 = JCM 1194 = LMG 11043
GCF_001941345.1	ASM194134v1	Corynebacterium stationis
GCF_900638215.1	56553_A01	Nocardiopsis dassonvillei
GCF_020099395.1	ASM2009939v1	Streptomyces mobaraensis
GCF_010727605.1	ASM1072760v1	Mycobacterium simiae
GCF_000220705.2	ASM22070v2	Streptomyces xinghaiensis S187
GCF_000145235.1	ASM14523v1	Micromonospora aurantiaca ATCC 27029
GCF_003584745.1	ASM358474v1	Mycobacterium pseudoshottsii JCM 15466
GCF_000478885.1	ASM47888v1	Adlercreutzia equolifaciens DSM 19450
GCF_000470775.1	ASM47077v1	Leifsonia xyli subsp. cynodontis DSM 46306
GCF_000013345.1	ASM1334v1	Frankia casuarinae
GCF_001482365.1	ASM148236v1	Kocuria flava
GCF_002849715.1	ASM284971v1	Arthrobacter crystallopoietes
GCF_016728365.1	ASM1672836v1	Corynebacterium tuberculostearicum
GCF_010727475.1	ASM1072747v1	Mycolicibacterium mageritense
GCF_001441165.1	ASM144116v1	Acidipropionibacterium acidipropionici
GCF_001267885.1	ASM126788v1	Streptomyces ambofaciens ATCC 23877
GCF_000017305.1	ASM1730v1	Kineococcus radiotolerans SRS30216 = ATCC BAA-149
GCF_030408375.1	ASM3040837v1	Corynebacterium afermentans subsp. lipophilum
GCF_001025155.1	ASM102515v1	Bifidobacterium angulatum DSM 20098 = JCM 7096
GCF_001655245.1	ASM165524v1	Mycolicibacterium vaccae 95051
GCF_000212695.1	ASM21269v1	Cellulomonas fimi ATCC 484
GCF_000164695.2	ASM16469v2	Rothia dentocariosa ATCC 17931
GCF_008704795.1	ASM870479v1	Streptomyces spectabilis
GCF_014673495.1	ASM1467349v1	Streptomyces griseofuscus
GCF_019933235.1	ASM1993323v1	Streptomyces angustmyceticus
GCF_013389765.1	ASM1338976v1	Micromonospora carbonacea
GCF_019645875.1	ASM1964587v1	Mycolicibacterium senegalense
GCF_010731695.1	ASM1073169v1	Mycolicibacterium litorale
GCF_002356315.1	ASM235631v1	Mycobacterium shigaense
GCF_021919345.1	ASM2191934v1	Paenarthrobacter nicotinovorans
GCF_003367705.1	ASM336770v1	Microbacterium foliorum
GCF_000975265.2	ASM97526v2	Mycobacterium lepromatosis
GCF_003194085.1	ASM319408v1	Aurantimicrobium photophilum
GCF_030408675.1	ASM3040867v1	Corynebacterium durum
GCF_900478045.1	47555_C02	Corynebacterium minutissimum
GCF_900637185.1	49867_H01	Nocardia asteroides
GCF_000022025.1	ASM2202v1	Pseudarthrobacter chlorophenolicus A6
GCF_016127955.1	ASM1612795v1	Actinomyces oris
GCF_900187235.1	52184_D01	Corynebacterium urealyticum
GCF_000724605.1	ASM72460v1	Actinotignum schaalii
GCF_000197735.1	ASM19773v1	Glutamicibacter arilaitensis Re117
GCF_000022905.1	ASM2290v1	Corynebacterium aurimucosum ATCC 700975
GCF_001042675.1	ASM104267v1	Parascardovia denticolens DSM 10105 = JCM 12538
GCF_003711105.1	ASM371110v1	Actinoplanes teichomyceticus ATCC 31121
GCF_000023865.1	ASM2386v1	Saccharomonospora viridis DSM 43017
GCF_000184685.1	ASM18468v1	Intrasporangium calvum DSM 43043
GCF_000830005.1	ASM83000v1	Streptomyces vietnamensis
GCF_037414505.1	Str_netropsis_B-235_v1	Streptomyces netropsis
GCF_016906185.1	ASM1690618v1	Streptomyces californicus
GCF_006716135.1	ASM671613v1	Streptomyces calvus
GCF_003945385.1	ASM394538v1	Pseudonocardia autotrophica
GCF_003614435.1	ASM361443v1	Mycobacterium paragordonae
GCF_001605725.1	ASM160572v1	Mycobacteroides immunogenum
GCF_003574835.2	ASM357483v2	Thermobifida halotolerans
GCF_001302565.1	ASM130256v1	Glutamicibacter halophytocola
GCF_003096095.1	ASM309609v1	Dietzia psychralcaliphila
GCF_000069225.1	ASM6922v1	Clavibacter sepedonicus
GCF_030408755.1	ASM3040875v1	Corynebacterium felinum
GCF_004564075.1	ASM456407v1	Microbacterium sediminis
GCF_030408435.1	ASM3040843v1	Corynebacterium auriscanis
GCF_030408395.1	ASM3040839v1	Corynebacterium aquatimens
GCF_000980815.1	ASM98081v1	Corynebacterium camporealensis
GCF_900478035.1	47555_E02	Corynebacterium renale
GCF_000699505.1	ASM69950v1	Rhodoluna lacicola
GCF_014701115.1	ASM1470111v1	Streptomyces aurantiacus
GCF_002263495.1	ASM226349v1	Nocardiopsis gilva YIM 90087
GCF_003010915.2	ASM301091v2	Gulosibacter molinativorax
GCF_007970465.1	ASM797046v1	Corynebacterium nuruki S6-4
GCF_019047805.1	ASM1904780v1	Corynebacterium freneyi
GCF_023520795.1	ASM2352079v1	Corynebacterium accolens
GCF_030408415.1	ASM3040841v1	Corynebacterium appendicis CIP 107643
GCF_900475915.1	48128_H02	Arcanobacterium haemolyticum
GCF_000340435.2	ASM34043v3	Mycobacterium haemophilum DSM 44634
GCF_000014185.1	ASM1418v1	Rubrobacter xylanophilus DSM 9941
GCF_001042635.1	ASM104263v1	Bifidobacterium scardovii JCM 12489 = DSM 13734
GCF_000011305.1	ASM1130v1	Corynebacterium efficiens YS-314
GCF_900187295.1	52191_E01	Corynebacterium cystitidis
GCF_000344785.1	ASM34478v1	Corynebacterium callunae DSM 20147
GCF_900187045.1	51485_B01	Dermatophilus congolensis
GCF_000092225.1	ASM9222v1	Tsukamurella paurometabola DSM 20162
GCF_900637725.1	52551_C01	Arachnia propionica
GCF_000018885.1	ASM1888v1	Renibacterium salmoninarum ATCC 33209
GCF_000143845.1	ASM14384v1	Olsenella uli DSM 7084
GCF_001302585.1	ASM130258v1	Kibdelosporangium phytohabitans
GCF_015689475.1	ASM1568947v1	Streptomyces solisilvae
GCF_025264705.1	ASM2526470v1	Dactylosporangium aurantiacum
GCF_001542625.1	ASM154262v2	Streptomyces griseochromogenes
GCF_027626975.1	ASM2762697v1	Streptomyces nigrescens
GCF_017639205.1	ASM1763920v1	Streptomyces nojiriensis
GCF_000732925.1	ASM73292v1	Amycolatopsis japonica
GCF_033406955.1	ASM3340695v1	Streptomyces violaceoruber
GCF_001013905.1	sleC34	Streptomyces leeuwenhoekii
GCF_013046785.1	ASM1304678v1	Streptomyces argyrophyllae
GCF_002157835.1	ASM215783v1	Mycobacterium dioxanotrophicus
GCF_009299385.1	ASM929938v1	Streptomyces cinereoruber
GCF_003097515.1	ASM309751v1	Streptomyces tirandamycinicus
GCF_027942015.1	ASM2794201v1	Streptomyces goshikiensis
GCF_003122365.1	ASM312236v1	Streptomyces spongiicola
GCF_002240355.1	ASM224035v1	Prauserella marina
GCF_022370755.2	ASM2237075v2	Mycolicibacterium goodii
GCF_002234535.1	ASM223453v1	Actinoalloteichus hoggarensis
GCF_001747425.1	ASM174742v1	Actinoalloteichus hymeniacidonis
GCF_010726085.1	ASM1072608v1	Mycolicibacterium moriokaense
GCF_900637195.1	50279_F01	Mycolicibacterium aurum
GCF_010729105.1	ASM1072910v1	Mycobacterium saskatchewanense
GCF_010728925.1	ASM1072892v1	Mycolicibacterium gadium
GCF_008329645.1	ASM832964v1	Mycolicibacterium grossiae
GCF_024734075.1	ASM2473407v1	Gordonia mangrovi
GCF_019645855.1	ASM1964585v1	Mycobacterium malmoense
GCF_002263515.1	ASM226351v1	Actinopolyspora erythraea
GCF_023208015.1	ASM2320801v1	Thermobifida alba
GCF_028532485.1	ASM2853248v1	Iamia majanohamensis
GCF_002096055.1	ASM209605v1	Cnuibacter physcomitrellae
GCF_002407065.1	ASM240706v1	Brachybacterium ginsengisoli
GCF_004135285.1	ASM413528v1	Microbacterium protaetiae
GCF_003355475.1	ASM335547v1	Brachybacterium saurashtrense
GCF_004135405.1	ASM413540v1	Agromyces protaetiae
GCF_006337125.1	ASM633712v1	Serinicoccus chungangensis
GCF_001974985.1	ASM197498v1	Microbacterium aurum
GCF_025758395.1	ASM2575839v1	Microbacterium terricola
GCF_001997295.1	ASM199729v1	Tessaracoccus flavus
GCF_004011095.1	ASM401109v1	Rathayibacter rathayi
GCF_014898175.1	ASM1489817v1	Bifidobacterium lemurum
GCF_011047135.1	ASM1104713v1	Microbacterium endophyticum
GCF_001941465.1	ASM194146v1	Corynebacterium flavescens
GCF_028609865.1	ASM2860986v1	Corynebacterium jeddahense
GCF_011046975.1	ASM1104697v1	Microbacterium amylolyticum
GCF_902702935.1	FRC0190	Corynebacterium rouxii
GCF_001643775.1	ASM164377v1	Denitrobacterium detoxificans
GCF_028609845.1	ASM2860984v1	Corynebacterium heidelbergense
GCF_029632765.1	ASM2963276v1	Arcanobacterium wilhelmae
GCF_000737865.1	ASM73786v1	Bifidobacterium coryneforme
GCF_002355535.1	ASM235553v1	Aurantimicrobium minutum
GCF_001854225.1	ASM185422v1	Candidatus Rhodoluna planktonica
GCF_008704715.1	ASM870471v1	Streptomyces chartreusis
GCF_019397265.1	ASM1939726v1	Nonomuraea coxensis DSM 45129
GCF_000058485.1	ASM5848v1	Frankia alni ACN14a
GCF_000237305.1	ASM23730v1	Streptantibioticus cattleyicolor NRRL 8057 = DSM 46488
GCF_019456675.1	ASM1945667v1	Mycolicibacterium pallens
GCF_022374875.2	ASM2237487v3	Mycolicibacterium rufum
GCF_000016425.1	ASM1642v1	Salinispora tropica CNB-440
GCF_900478115.1	50618_D02	Rhodococcus coprophilus
GCF_019285775.1	ASM1928577v1	Skermania piniformis
GCF_025215495.1	ASM2521549v1	Mycolicibacterium brumae
GCF_000218545.1	ASM21854v1	Cellulomonas gilvus ATCC 13127
GCF_000341345.1	ASM34134v1	Corynebacterium halotolerans YIM 70093 = DSM 44683
GCF_000767055.1	ASM76705v1	Corynebacterium doosanense CAU 212 = DSM 45436
GCF_028609805.1	ASM2860980v1	Corynebacterium massiliense DSM 45435
GCF_001263395.1	ASM126339v1	Bifidobacterium actinocoloniiforme DSM 22766
GCF_000015305.1	ASM1530v1	Mycolicibacterium vanbaalenii PYR-1
GCF_000025265.1	ASM2526v1	Conexibacter woesei DSM 14684
GCF_010731575.1	ASM1073157v1	Mycolicibacterium monacense
GCF_000270245.1	ASM27024v1	Microlunatus phosphovorus NM-1
GCF_000024785.1	ASM2478v1	Gordonia bronchialis DSM 43247
GCF_000024965.1	ASM2496v1	Xylanimonas cellulosilytica DSM 15894
GCF_000550785.1	ASM55078v1	Corynebacterium casei LMG S-19264
GCF_030408815.1	ASM3040881v1	Corynebacterium freiburgense
GCF_000550805.1	ASM55080v1	Corynebacterium vitaeruminis DSM 20294
GCF_000177535.2	ASM17753v2	Corynebacterium resistens DSM 45100
GCF_016728665.1	ASM1672866v1	Corynebacterium propinquum
GCF_000196535.1	ASM19653v1	Mobiluncus curtisii ATCC 43063
GCF_000590555.1	ASM59055v1	Corynebacterium argentoratense DSM 44202
GCF_001042695.1	ASM104269v1	Scardovia inopinata JCM 12537
GCF_000706765.1	ASM70676v1	Bifidobacterium [indicum] DSM 20214 = LMG 11587
GCF_000024225.1	ASM2422v1	Lancefieldella parvula DSM 20469
GCF_003955715.1	ASM395571v1	Streptomyces aquilus
GCF_000166135.1	ASM16613v1	Pseudofrankia inefficax
GCF_014621695.1	ASM1462169v1	Streptomyces xanthii
GCF_003074055.1	ASM307405v1	Streptomyces nigra
GCF_000802245.2	ASM80224v2	Streptomyces pluripotens
GCF_016313185.1	ASM1631318v1	Mycolicibacterium baixiangningiae
GCF_010725485.1	ASM1072548v1	Mycolicibacterium parafortuitum
GCF_000993785.3	ASM99378v3	Streptomyces xiamenensis
GCF_014041935.1	ASM1404193v1	Gordonia jinghuaiqii
GCF_008000995.1	ASM800099v1	Ruania zhangjianzhongii
GCF_019645815.1	ASM1964581v1	Mycolicibacter heraklionensis
GCF_009911795.1	ASM991179v1	Pseudarthrobacter psychrotolerans
GCF_001456355.1	ASM145635v1	Mycobacteroides saopaulense
GCF_034120055.1	ASM3412005v1	Microbacterium rhizosphaerae
GCF_003096075.1	ASM309607v1	Dietzia lutea
GCF_015277895.1	ASM1527789v1	Microbacterium abyssi
GCF_021952865.1	ASM2195286v1	Clavibacter californiensis
GCF_021922925.1	ASM2192292v1	Clavibacter phaseoli
GCF_014041995.1	ASM1404199v1	Changpingibacter yushuensis
GCF_000767685.1	ASM76768v1	Corynebacterium ramonii FRC0011
GCF_009026825.1	ASM902682v1	Corynebacterium urogenitale
GCF_017945865.1	ASM1794586v1	Xiamenia xianingshaonis
GCF_000024025.1	ASM2402v1	Catenulispora acidiphila DSM 44928
GCF_000024865.1	ASM2486v1	Streptosporangium roseum DSM 43021
GCF_000494755.1	ASM49475v1	Actinoplanes friuliensis DSM 7358
GCF_000328705.1	ASM32870v1	Saccharothrix espanaensis DSM 44229
GCF_000269985.1	ASM26998v1	Kitasatospora setae KM-6054
GCF_008704855.1	ASM870485v1	Streptomyces platensis
GCF_000023245.1	ASM2324v1	Actinosynnema mirum DSM 43827
GCF_000024345.1	ASM2434v1	Kribbella flavida DSM 17836
GCF_000024545.1	ASM2454v1	Stackebrandtia nassauensis DSM 44728
GCF_000204155.1	ASM20415v1	Micromonospora maris AB-18-032
GCF_000024365.1	ASM2436v1	Nakamurella multipartita DSM 44233
GCF_000024385.1	ASM2438v1	Thermomonospora curvata DSM 43183
GCF_019645835.1	ASM1964583v1	Mycolicibacterium holsaticum DSM 44478 = JCM 12374
GCF_000025345.1	ASM2534v1	Geodermatophilus obscurus DSM 43160
GCF_900187065.1	50465_H02	Mycolicibacterium thermoresistibile
GCF_000348785.1	ASM34878v1	Ilumatobacter coccineus YM16-304
GCF_000214175.1	ASM21417v1	Hoyosella subflava DQS3-9A1
GCF_000023105.1	ASM2310v1	Beutenbergia cavernae DSM 12333
GCF_001653335.1	ASM165333v1	Nocardioides dokdonensis FR1436
GCF_000024925.1	ASM2492v1	Sanguibacter keddieii DSM 10542
GCF_000092865.1	ASM9286v1	Cellulomonas flavigena DSM 20109
GCF_020792675.1	ASM2079267v1	Brachybacterium halotolerans subsp. kimchii
GCF_001636295.1	ASM163629v1	Isoptericola dokdonensis DS-3
GCF_900637975.1	53550_F01	Actinomyces viscosus
GCF_900637295.1	50477_G01	Actinomyces slackii
GCF_900637575.1	52006_A02	Slackia heliotrinireducens
GCF_000092825.1	ASM9282v1	Segniliparus rotundus DSM 44985
GCF_000442645.1	ASM44264v1	Corynebacterium maris DSM 45190
GCF_000418365.1	ASM41836v1	Corynebacterium terpenotabidum Y-11
GCF_900475835.1	45232_G01	Jonesia denitrificans
GCF_000835165.1	ASM83516v1	Corynebacterium marinum DSM 44953
GCF_001941485.1	ASM194148v1	Corynebacterium frankenforstense DSM 45800
GCF_000015025.1	ASM1502v1	Acidothermus cellulolyticus 11B
GCF_024453815.1	ASM2445381v1	Corynebacterium pseudogenitalium
GCF_000023265.1	ASM2326v1	Acidimicrobium ferrooxidans DSM 10331
GCF_000195315.1	ASM19531v1	Coriobacterium glomerans PW2
GCF_000023845.1	ASM2384v1	Cryptobacterium curtum DSM 15641
GCF_002057455.1	ASM205745v1	[Actinomadura] parvosata subsp. kistnae
GCF_033097365.1	ASM3309736v1	Actinoplanes sichuanensis
GCF_019904175.1	ASM1990417v1	Dactylosporangium vinaceum
GCF_009497075.1	ASM949707v1	Nonomuraea phyllanthi
GCF_016598615.1	ASM1659861v1	Streptomyces liliifuscus
GCF_009498035.1	ASM949803v1	Saccharothrix syringae
GCF_030285665.1	ASM3028566v1	Amycolatopsis mongoliensis
GCF_003963535.1	ASM396353v1	Streptomyces cyaneochromogenes
GCF_025137375.1	ASM2513737v1	Dactylosporangium fulvum
GCF_028622115.1	ASM2862211v1	Kutzneria chonburiensis
GCF_035918295.1	ASM3591829v1	Amycolatopsis rhabdoformis
GCF_018069625.1	ASM1806962v1	Streptomyces yatensis
GCF_019599145.1	ASM1959914v1	Streptomyces akebiae
GCF_011764565.1	ASM1176456v1	Phytohabitans suffuscus
GCF_008704495.1	ASM870449v1	Streptomyces kanamyceticus
GCF_009184865.1	ASM918486v1	Streptomyces phaeolivaceus
GCF_022385335.1	ASM2238533v1	Streptomyces deccanensis
GCF_001701025.1	ASM170102v1	Lentzea guizhouensis
GCF_015160855.1	ASM1516085v1	Streptomyces ferrugineus
GCF_014489635.1	ASM1448963v1	Streptomyces roseirectus
GCF_018324205.1	ASM1832420v1	Actinoplanes ianthinogenes
GCF_000525635.1	ASM52563v1	Kutzneria albida DSM 43870
GCF_020616555.1	ASM2061655v1	Streptomyces longhuiensis
GCF_030252345.1	ASM3025234v1	Actinoplanes oblitus
GCF_009796285.1	ASM979628v1	Streptomyces broussonetiae
GCF_023498005.1	ASM2349800v1	Streptomyces durmitorensis
GCF_001735805.1	ASM173580v1	Streptomyces fodineus
GCF_027270315.1	ASM2727031v1	Streptomyces cinnabarinus
GCF_011764545.1	ASM1176454v1	Phytohabitans flavus
GCF_031593255.1	ASM3159325v1	Streptomyces janthinus
GCF_008705135.1	ASM870513v1	Streptomyces coeruleorubidus
GCF_003261055.1	ASM326105v1	Streptomyces cadmiisoli
GCF_023277745.1	ASM2327774v1	Streptomyces halobius
GCF_003312875.1	ASM331287v1	Amycolatopsis albispora
GCF_001611795.1	ASM161179v1	Streptomyces qaidamensis
GCF_025642135.1	ASM2564213v1	Streptomyces cynarae
GCF_019222765.1	ASM1922276v1	Nocardia iowensis
GCF_019175365.1	ASM1917536v1	Actinomadura graeca
GCF_009498275.1	ASM949827v1	Streptomyces fagopyri
GCF_004803895.1	ASM480389v1	Streptomyces hawaiiensis
GCF_017068395.1	ASM1706839v1	Rhodococcus pseudokoreensis
GCF_019880305.1	ASM1988030v1	Streptomyces decoyicus
GCF_021441825.1	ASM2144182v1	Streptomyces spinosirectus
GCF_002946835.1	ASM294683v1	Streptomyces dengpaensis
GCF_003344965.1	ASM334496v1	Streptomyces paludis
GCF_014295035.1	ASM1429503v1	Streptomyces buecherae
GCF_003054555.1	ASM305455v1	Streptomyces lunaelactis
GCF_018324255.1	ASM1832425v1	Polymorphospora rubra
GCF_013744875.1	ASM1374487v1	Nocardia huaxiensis
GCF_025264685.1	ASM2526468v1	Dactylosporangium roseum
GCF_021391495.1	ASM2139149v1	Amycolatopsis acidiphila
GCF_022647665.1	ASM2264766v1	Streptomyces formicae
GCF_007856155.1	ASM785615v1	Streptomyces qinzhouensis
GCF_003675325.1	ASM367532v1	Streptomyces dangxiongensis
GCF_018362975.1	ASM1836297v1	Nocardia tengchongensis
GCF_008704395.1	ASM870439v1	Streptomyces alboniger
GCF_948472415.1	JK4103	Kitasatospora fiedleri
GCF_027947595.1	ASM2794759v1	Streptomyces lienomycini
GCF_022699385.1	ASM2269938v1	Streptomyces tubbatahanensis
GCF_008704575.1	ASM870457v1	Streptomyces galilaeus
GCF_011694815.1	ASM1169481v1	Streptomyces liangshanensis
GCF_008704935.1	ASM870493v1	Streptomyces vinaceus
GCF_018885265.1	ASM1888526v1	Amycolatopsis aidingensis
GCF_008704445.1	ASM870444v1	Streptomyces prasinus
GCF_005517195.1	ASM551719v1	Streptomyces vilmorinianum
GCF_014489615.1	ASM1448961v1	Streptomyces genisteinicus
GCF_008704535.1	ASM870453v1	Streptomyces subrutilus
GCF_008704555.1	ASM870455v1	Streptomyces nitrosporeus
GCF_014701095.1	ASM1470109v1	Streptomyces tuirus
GCF_024134545.1	ASM2413454v1	Nocardiopsis exhalans
GCF_015160875.1	ASM1516087v1	Streptomyces chromofuscus
GCF_029760955.1	ASM2976095v1	Streptomyces cathayae
GCF_016865425.1	ASM1686542v1	Actinocatenispora thailandica
GCF_015910445.1	ASM1591044v1	Streptomyces bathyalis
GCF_001886715.1	ASM188671v1	Nocardia mangyaensis
GCF_018316655.1	ASM1831665v1	Nocardiopsis changdeensis
GCF_013155125.1	ASM1315512v1	Pseudonocardia broussonetiae
GCF_001941625.1	ASM194162v1	Actinoalloteichus fjordicus
GCF_003258605.2	ASM325860v2	Peterkaempfera bronchialis
GCF_018324685.1	ASM1832468v1	Actinocatenispora sera
GCF_032108445.1	ASM3210844v1	Micromonospora halotolerans
GCF_026153355.1	ASM2615335v1	Streptomyces endophytica
GCF_014764405.1	ASM1476440v1	Micromonospora craniellae
GCF_024600715.1	ASM2460071v1	Streptomyces changanensis
GCF_003589885.1	ASM358988v1	Thermomonospora amylolytica
GCF_009671205.1	ASM967120v1	Micromonospora terminaliae
GCF_013694245.2	ASM1369424v2	Micromonospora ferruginea
GCF_003130705.1	ASM313070v1	Rhodococcus oxybenzonivorans
GCF_018316795.1	ASM1831679v1	Nocardiopsis akebiae
GCF_010731295.1	ASM1073129v1	Mycolicibacterium boenickei
GCF_014235185.1	ASM1423518v1	Pseudonocardia petroleophila
GCF_010731895.1	ASM1073189v1	Mycolicibacterium helvum
GCF_004328625.1	ASM432862v1	Streptomyces seoulensis
GCF_010725885.1	ASM1072588v1	Mycolicibacterium tokaiense
GCF_019263705.2	ASM1926370v2	Pseudonocardia abyssalis
GCF_013466425.1	ASM1346642v1	Mycobacterium vicinigordonae
GCF_010730195.1	ASM1073019v1	Mycobacterium conspicuum
GCF_006494775.1	ASM649477v1	Nocardioides humi
GCF_010730355.1	ASM1073035v1	Mycobacterium florentinum
GCF_010731715.1	ASM1073171v1	Mycobacterium stomatepiae
GCF_010731775.1	ASM1073177v1	Mycobacterium mantenii
GCF_010731655.1	ASM1073165v1	Mycobacterium paraseoulense
GCF_010731815.2	ASM1073181v2	Mycolicibacterium arabiense
GCF_019456655.1	ASM1945665v1	Mycolicibacterium diernhoferi
GCF_010728525.1	ASM1072852v1	Mycobacterium shottsii
GCF_022370635.2	ASM2237063v3	Mycolicibacterium crocinum
GCF_015710575.1	ASM1571057v2	Mycolicibacterium mengxianglii
GCF_003855095.1	ASM385509v1	Gordonia insulae
GCF_021172045.1	ASM2117204v1	Capillimicrobium parvum
GCF_010730575.1	ASM1073057v1	Mycobacterium parmense
GCF_010726245.1	ASM1072624v1	Mycolicibacterium aichiense
GCF_010729895.1	ASM1072989v1	Mycolicibacterium confluentis
GCF_018437505.1	ASM1843750v1	Spiractinospora alimapuensis
GCF_028416635.1	ASM2841663v1	Baekduia alba
GCF_010731115.1	ASM1073111v1	Mycolicibacterium phocaicum
GCF_001644575.1	ASM164457v1	Mycobacterium adipatum
GCF_003344865.1	ASM334486v1	Euzebya pacifica
GCF_010729305.1	ASM1072930v1	Mycolicibacterium psychrotolerans
GCF_004323735.1	ASM432373v1	Streptomonospora litoralis
GCF_010728325.1	ASM1072832v1	Mycolicibacterium poriferae
GCF_010727325.1	ASM1072732v1	Mycolicibacterium alvei
GCF_010729665.1	ASM1072966v1	Mycolicibacterium madagascariense
GCF_016925615.1	ASM1692561v1	Natronosporangium hydrolyticum
GCF_010731855.1	ASM1073185v1	Mycolicibacterium anyangense
GCF_021216675.1	ASM2121667v1	Streptomyces gobiensis
GCF_010726645.1	ASM1072664v1	Mycolicibacterium duvalii
GCF_009708215.1	ASM970821v1	Occultella kanbiaonis
GCF_900292015.1	MB901379	Mycobacterium basiliense
GCF_018278905.1	ASM1827890v1	Mycobacterium spongiae
GCF_010731595.1	ASM1073159v1	Mycobacterium seoulense
GCF_022430545.2	ASM2243054v2	Mycobacterium paraterrae
GCF_010725725.1	ASM1072572v1	Mycolicibacterium pulveris
GCF_900637205.1	50279_G01	Mycolicibacterium chitae
GCF_001190945.1	ASM119094v1	Luteipulveratus mongoliensis
GCF_010727945.1	ASM1072794v1	Mycobacterium cookii
GCF_007970665.1	ASM797066v1	Baekduia soli
GCF_024220175.1	ASM2422017v1	Paraconexibacter antarcticus
GCF_007362775.1	ASM736277v1	Microlunatus elymi
GCF_011046535.1	ASM1104653v1	Nocardioides anomalus
GCF_010728725.1	ASM1072872v1	Mycobacterium branderi
GCF_010731535.1	ASM1073153v1	Mycobacterium lacus
GCF_010730745.1	ASM1073074v1	Mycobacterium heidelbergense
GCF_010731795.1	ASM1073179v1	Mycolicibacterium celeriflavum
GCF_002356335.1	ASM235633v1	[Mycobacterium] stephanolepidis
GCF_022374935.2	ASM2237493v2	Mycolicibacter virginiensis
GCF_019039255.1	ASM1903925v1	Nocardioides panacis
GCF_035320885.1	ASM3532088v1	Blastococcus brunescens
GCF_009664835.1	ASM966483v1	Allosaccharopolyspora coralli
GCF_010731875.1	ASM1073187v1	Mycolicibacterium sarraceniae
GCF_010731635.1	ASM1073163v1	Mycobacterium noviomagense
GCF_004924335.1	ASM492433v1	Mycobacteroides salmoniphilum
GCF_020715685.1	ASM2071568v1	Dermatobacter hominis
GCF_000214155.1	ASM21415v1	Mycolicibacter sinensis
GCF_004322855.1	ASM432285v1	Egibacter rhizosphaerae
GCF_009708005.2	ASM970800v2	Cellulosimicrobium protaetiae
GCF_013466985.1	ASM1346698v1	Nocardioides ungokensis
GCF_018459925.1	ASM1845992v1	Nocardioides aquaticus
GCF_010731615.1	ASM1073161v1	Mycolicibacterium insubricum
GCF_027247405.1	ASM2724740v1	Jatrophihabitans cynanchi
GCF_010730055.1	ASM1073005v1	Mycobacterium shinjukuense
GCF_020991065.1	ASM2099106v1	Nocardioides okcheonensis
GCF_010726505.1	ASM1072650v1	Mycobacterium novum
GCF_014960965.1	ASM1496096v1	Ruania alkalisoli
GCF_006494815.1	ASM649481v1	Nocardioides sambongensis
GCF_001305675.1	ASM130567v1	Gordonia phthalatica
GCF_021117425.1	ASM2111742v1	Brevibacterium zhoupengii
GCF_010729485.1	ASM1072948v1	Mycolicibacter hiberniae
GCF_017569225.1	ASM1756922v1	Pengzhenrongella sicca
GCF_013177455.1	ASM1317745v1	Nocardioides marmotae
GCF_003611035.1	ASM361103v1	Cryobacterium soli
GCF_011492945.1	ASM1149294v1	Rubrobacter tropicus
GCF_001660485.1	ASM166048v1	Agromyces aureus
GCF_003268655.1	ASM326865v1	Arthrobacter dokdonellae
GCF_014126825.1	ASM1412682v1	Tomitella gaofuii
GCF_021044565.1	ASM2104456v1	Subtercola endophyticus
GCF_023373525.1	ASM2337352v1	Brachybacterium kimchii
GCF_021049285.1	ASM2104928v1	Ruania halotolerans
GCF_011420305.2	ASM1142030v2	Nocardioides ochotonae
GCF_011617705.1	ASM1161770v1	Brevibacterium limosum
GCF_030296615.1	ASM3029661v1	Frondihabitans sucicola
GCF_010731755.1	ASM1073175v1	Mycolicibacter minnesotensis
GCF_014127485.1	ASM1412748v1	Nocardioides dongkuii
GCF_013624435.2	ASM1362443v2	Nocardioides campestrisoli
GCF_023516435.1	ASM2351643v1	Jatrophihabitans telluris
GCF_024508315.1	ASM2450831v1	Cellulomonas xiejunii
GCF_007859675.1	ASM785967v1	Humibacter ginsenosidimutans
GCF_009834925.2	ASM983492v2	Eggerthella guodeyinii
GCF_021398215.1	ASM2139821v1	Arthrobacter polaris
GCF_006352065.1	ASM635206v1	Georgenia yuyongxinii
GCF_026168515.1	ASM2616851v1	Brevibacterium spongiae
GCF_010726955.1	ASM1072695v1	Mycolicibacterium fallax
GCF_011617245.1	ASM1161724v1	Brevibacterium atlanticum
GCF_011492965.1	ASM1149296v1	Rubrobacter marinus
GCF_010731835.1	ASM1073183v1	Mycolicibacillus koreensis
GCF_024508275.1	ASM2450827v1	Cellulomonas wangsupingiae
GCF_007197575.1	ASM719757v1	Ornithinimicrobium ciconiae
GCF_019931675.1	ASM1993167v1	Nocardioides rotundus
GCF_018388445.1	ASM1838844v1	Cellulomonas wangleii
GCF_003710085.1	ASM371008v1	Nocardioides pantholopis
GCF_010728155.1	ASM1072815v1	Mycolicibacterium doricum
GCF_009834025.1	ASM983402v1	Epidermidibacterium keratini
GCF_004564375.1	ASM456437v1	Nocardioides euryhalodurans
GCF_022811705.1	ASM2281170v1	Agromyces larvae
GCF_008761635.1	ASM876163v1	Nocardioides cynanchi
GCF_018388465.1	ASM1838846v1	Cellulomonas fengjieae
GCF_004102025.1	ASM410202v1	Actinomyces qiguomingii
GCF_015277855.1	ASM1527785v1	Microbacterium cremeum
GCF_018623035.1	ASM1862303v1	Cellulomonas dongxiuzhuiae
GCF_004300825.1	ASM430082v1	Egicoccus halophilus
GCF_004683965.1	ASM468396v1	Nocardioides seonyuensis
GCF_007559025.1	ASM755902v1	Tomitella fengzijianii
GCF_016925535.1	ASM1692553v1	Natronoglycomyces albus
GCF_001997345.1	ASM199734v1	Tessaracoccus aquimaris
GCF_022370835.2	ASM2237083v2	Mycolicibacillus parakoreensis
GCF_003351765.1	ASM335176v1	Ornithinimicrobium avium
GCF_018866305.1	ASM1886630v1	Arthrobacter sunyaminii
GCF_011617465.1	ASM1161746v1	Brevibacterium pigmentatum
GCF_004798685.1	ASM479868v1	Cellulomonas shaoxiangyii
GCF_014489575.1	ASM1448957v1	Tessaracoccus defluvii
GCF_018388425.1	ASM1838842v1	Nocardioides faecalis
GCF_004135385.1	ASM413538v1	Xylanimonas protaetiae
GCF_900289045.1	MPGL2	Micropruina glycogenica
GCF_021590045.1	ASM2159004v1	Cellulomonas palmilytica
GCF_004564355.1	ASM456435v1	Microbacterium wangchenii
GCF_004135345.1	ASM413534v1	Xylanimonas allomyrinae
GCF_002407185.1	ASM240718v1	Brachybacterium vulturis
GCF_011300215.1	ASM1130021v1	Nocardioides piscis
GCF_023100725.1	ASM2310072v1	Arthrobacter antioxidans
GCF_023923205.1	ASM2392320v1	Ornithinimicrobium cryptoxanthini
GCF_003065605.1	ASM306560v1	Aeromicrobium chenweiae
GCF_009650215.1	ASM965021v1	Actinomarinicola tropica
GCF_015277815.1	ASM1527781v1	Microbacterium atlanticum
GCF_004526345.1	ASM452634v1	Ornithinimicrobium flavum
GCF_011299575.1	ASM1129957v1	Leucobacter viscericola
GCF_023022985.1	ASM2302298v1	Arthrobacter gengyunqii
GCF_030296655.1	ASM3029665v1	Barrientosiimonas endolithica
GCF_018141545.1	ASM1814154v1	Miltoncostaea oceani
GCF_026153295.1	ASM2615329v1	Rhodococcus antarcticus
GCF_011393335.1	ASM1139333v1	Propioniciclava coleopterorum
GCF_008727775.1	ASM872777v1	Microbacterium lushaniae
GCF_009646095.1	ASM964609v1	Raineyella fluvialis
GCF_003627055.1	ASM362705v1	Gryllotalpicola protaetiae
GCF_025244825.1	ASM2524482v1	Arthrobacter jinronghuae
GCF_009649075.1	ASM964907v1	Aeromicrobium yanjiei
GCF_001509405.1	ASM150940v1	Aeromicrobium erythreum
GCF_011751765.2	ASM1175176v2	Paramicrobacterium chengjingii
GCF_011751745.2	ASM1175174v2	Paramicrobacterium fandaimingii
GCF_001659785.1	ASM165978v1	Dietzia timorensis
GCF_001998865.1	ASM199886v1	Tessaracoccus flavescens
GCF_004798665.1	ASM479866v1	Actinomyces procaprae
GCF_001685415.1	ASM168541v1	Serinicoccus hydrothermalis
GCF_000950575.1	ASM95057v1	Psychromicrobium lacuslunae
GCF_018622995.1	ASM1862299v1	Arthrobacter jiangjiafuii
GCF_024508335.1	ASM2450833v1	Cellulomonas chengniuliangii
GCF_021582895.2	ASM2158289v2	Microbacterium elymi
GCF_022919155.1	ASM2291915v1	Leucobacter allii
GCF_021049265.1	ASM2104926v1	Ruania suaedae
GCF_003991875.1	ASM399187v1	Microbacterium lemovicicum
GCF_023921125.1	ASM2392112v1	Arthrobacter caoxuetaonis
GCF_008843165.1	ASM884316v1	Ornithinimicrobium pratense
GCF_002355155.1	ASM235515v1	Corynebacterium suranareeae
GCF_019880385.1	ASM1988038v1	Nocardioides coralli
GCF_015277875.1	ASM1527787v1	Microbacterium luteum
GCF_000626675.1	ASM62667v1	Corynebacterium glyciniphilum AJ 3170
GCF_004208635.1	ASM420863v1	Leucobacter triazinivorans
GCF_025244925.1	ASM2524492v1	Arthrobacter zhaoxinii
GCF_022869865.1	ASM2286986v1	Arthrobacter zhangbolii
GCF_002216795.1	ASM221679v1	Brachybacterium avium
GCF_006349365.1	ASM634936v1	Georgenia wutianyii
GCF_018024495.1	ASM1802449v1	Agromyces archimandritae
GCF_012277275.1	ASM1227727v1	Gephyromycinifex aptenodytis
GCF_030296575.1	ASM3029657v1	Paraoerskovia sediminicola
GCF_012931845.1	ASM1293184v1	Cellulomonas taurus
GCF_006337065.1	ASM633706v1	Agromyces laixinhei
GCF_003325455.1	ASM332545v1	Acidipropionibacterium virtanenii
GCF_003710105.1	ASM371010v1	Georgenia faecalis
GCF_001020985.1	ASM102098v1	Corynebacterium mustelae
GCF_030296595.1	ASM3029659v1	Naasia aerilata
GCF_019884725.1	ASM1988472v1	Leucobacter tenebrionis
GCF_003860405.1	ASM386040v1	Nakamurella antarctica
GCF_018141525.1	ASM1814152v1	Miltoncostaea marina
GCF_009930795.1	ASM993079v1	Marisediminicola antarctica
GCF_022919175.1	ASM2291917v1	Leucobacter rhizosphaerae
GCF_008727755.1	ASM872775v1	Microbacterium caowuchunii
GCF_007559005.1	ASM755900v1	Gordonia zhaorongruii
GCF_011382985.1	ASM1138298v1	Leucobacter coleopterorum
GCF_004028235.1	ASM402823v1	Leucobacter muris
GCF_030297015.1	ASM3029701v1	Brooklawnia propionicigenes
GCF_019316905.1	ASM1931690v1	Tessaracoccus palaemonis
GCF_021442325.1	ASM2144232v1	Agromyces marinus
GCF_020424085.1	ASM2042408v1	Mycetocola spongiae
GCF_019974135.1	ASM1997413v1	Actinomyces capricornis
GCF_030296555.1	ASM3029655v1	Microbacterium suwonense
GCF_003065425.1	ASM306542v1	Mycetocola zhujimingii
GCF_900637165.1	49699_G02	Actinomyces howellii
GCF_024508295.1	ASM2450829v1	Aeromicrobium duanguangcaii
GCF_009734425.1	ASM973442v1	Corynebacterium occultum
GCF_004010955.1	ASM401095v1	Actinomyces wuliandei
GCF_014775655.1	ASM1477565v1	Clavibacter zhangzhiyongii
GCF_030408795.1	ASM3040879v1	Corynebacterium hansenii
GCF_003627075.1	ASM362707v1	Protaetiibacter intestinalis
GCF_003070885.1	ASM307088v1	Agromyces badenianii
GCF_001553565.1	ASM155356v1	Actinomyces radicidentis
GCF_001643015.1	ASM164301v1	Corynebacterium crudilactis
GCF_030408595.1	ASM3040859v1	Corynebacterium canis
GCF_900637915.1	52941_B01	Propionibacterium australiense
GCF_030408735.1	ASM3040873v1	Corynebacterium faecale
GCF_003813965.1	ASM381396v1	Corynebacterium choanae
GCF_001277995.1	ASM127799v1	Corynebacterium deserti GIMN1.010
GCF_003945325.1	ASM394532v1	Nocardioides baekrokdamisoli
GCF_900070355.1	S2_rcS3_S1_rcS3	Devriesea agamarum
GCF_001941445.1	ASM194144v1	Corynebacterium aquilae DSM 44791
GCF_014898155.1	ASM1489815v1	Bifidobacterium eulemuris
GCF_011382965.1	ASM1138296v1	Leucobacter insecticola
GCF_014595995.2	ASM1459599v2	Actinomyces respiraculi
GCF_011405655.1	ASM1140565v1	Adlercreutzia hattorii
GCF_020535405.1	ASM2053540v1	Antiquaquibacter oligotrophicus
GCF_030252185.1	ASM3025218v1	Corynebacterium suedekumii
GCF_003568865.1	ASM356886v1	Rubrobacter indicoceani
GCF_003971195.1	ASM397119v1	Flaviflexus ciconiae
GCF_000833575.1	ASM83357v1	Corynebacterium singulare
GCF_009734405.1	ASM973440v1	Corynebacterium comes
GCF_036324365.1	ASM3632436v1	Microbacterium limosum
GCF_001941565.1	ASM194156v1	Corynebacterium phocae
GCF_001274895.1	ASM127489v1	Corynebacterium lactis RW2-5
GCF_900343145.1	PRJEB25875	Tessaracoccus timonensis
GCF_001021045.1	ASM102104v1	Corynebacterium testudinoris
GCF_030408455.1	ASM3040845v1	Corynebacterium atrinae
GCF_026625045.1	ASM2662504v1	Microcella daejeonensis
GCF_030296675.1	ASM3029667v1	Demequina sediminis
GCF_019575955.1	ASM1957595v1	Nesterenkonia pannonica
GCF_013184985.2	ASM1318498v2	Actinomyces faecalis
GCF_001021025.1	ASM102102v1	Corynebacterium epidermidicanis
GCF_024362325.1	ASM2436232v1	Microcella humidisoli
GCF_020097155.1	ASM2009715v1	Micrococcus porci
GCF_012530535.1	ASM1253053v1	Microcella flavibacter
GCF_014522205.1	ASM1452220v1	Corynebacterium poyangense
GCF_003952265.1	ASM395226v1	Flaviflexus salsibiostraticola
GCF_011038655.2	ASM1103865v2	Corynebacterium lizhenjunii
GCF_001941505.1	ASM194150v1	Corynebacterium sphenisci DSM 44792
GCF_013414345.1	ASM1341434v1	Microcella indica
GCF_030252165.1	ASM3025216v1	Corynebacterium breve
GCF_900187215.1	52295_D01	Corynebacterium imitans
GCF_016598775.1	ASM1659877v1	Actinomyces weissii
GCF_008365275.1	ASM836527v1	Protaetiibacter larvae
GCF_024971095.1	ASM2497109v1	Microbacterium neungamense
GCF_020616335.1	ASM2061633v1	Corynebacterium uberis
GCF_015711475.1	ASM1571147v2	Actinomyces trachealis
GCF_003065405.1	ASM306540v1	Corynebacterium yudongzhengii
GCF_009734385.1	ASM973438v1	Corynebacterium kalinowskii
GCF_028021195.1	ASM2802119v1	Cutibacterium equinum
GCF_030408715.1	ASM3040871v1	Corynebacterium confusum
GCF_004795735.1	ASM479573v1	Corynebacterium endometrii
GCF_030408575.1	ASM3040857v1	Corynebacterium auris
GCF_013177295.1	ASM1317729v1	Actinomyces marmotae
GCF_001021065.1	ASM102106v1	Corynebacterium uterequi
GCF_014396385.1	ASM1439638v1	Leucobacter denitrificans
GCF_001678905.1	ASM167890v1	Dermabacter vaginalis
GCF_030408775.1	ASM3040877v1	Corynebacterium fournieri
GCF_004114895.1	ASM411489v1	Corynebacterium pelargi
GCF_007641235.1	ASM764123v1	Corynebacterium sanguinis
GCF_003070865.1	ASM307086v1	Corynebacterium liangguodongii
GCF_000980835.1	ASM98083v1	Corynebacterium kutscheri
GCF_003814005.1	ASM381400v1	Corynebacterium pseudopelargi
GCF_014069875.1	ASM1406987v1	Flaviflexus equikiangi
GCF_014490555.1	ASM1449055v1	Corynebacterium lujinxingii
GCF_000732945.1	ASM73294v1	Corynebacterium atypicum
GCF_000747315.1	ASM74731v1	Corynebacterium ureicelerivorans
GCF_003813985.1	ASM381398v1	Corynebacterium gerontici
GCF_943169825.2	ASM94316982v2	Varibaculum prostatecancerukia
GCF_014262665.1	ASM1426266v1	Corynebacterium anserum
GCF_001856685.1	ASM185668v1	Boudabousia tangfeifanii
GCF_014490575.1	ASM1449057v1	Corynebacterium zhongnanshanii
GCF_011038645.2	ASM1103864v2	Corynebacterium qintianiae
GCF_900119915.1	PRJEB16351	Olsenella timonensis
GCF_015277515.1	ASM1527751v1	Thermophilibacter immobilis
GCF_900637955.1	54424_G02	Trueperella bialowiezensis
GCF_016127995.1	ASM1612799v1	Schaalia meyeri
GCF_900155645.1	Propionibacterium massiliense	Vaginimicrobium propionicum
GCF_023168405.1	ASM2316840v1	Leptogranulimonas caecicola
GCF_016904675.1	ASM1690467v1	Arcanobacterium phocisimile
GCF_000814825.1	ASM81482v1	Berryella intestinalis
GCF_023973165.1	ASM2397316v1	Arcanobacterium pinnipediorum
GCF_012563545.1	ASM1256354v1	Arcanobacterium buesumense
GCF_033095945.1	ASM3309594v1	Bombiscardovia apis
GCF_900120245.1	PRJEB17949	Actinomyces pacaensis
GCF_029625435.1	ASM2962543v1	Arcanobacterium canis
GCF_001293125.1	ASM129312v1	Lawsonella clevelandensis
GCF_003966955.1	ASM396695v1	Parolsenella catena
GCF_002950575.1	ASM295057v1	Pontimonas salivibrio
GCF_900169485.1	PRJEB19959	Phoenicibacter congonensis
GCF_013283855.1	ASM1328385v1	Aquiluna borgnonia
GCF_900105335.1	IMG-taxon 2634166897 annotated assembly	Microbacterium paraoxydans
GCF_900104725.1	IMG-taxon 2634166338 annotated assembly	Actinoplanes derwentensis
GCF_900105925.1	IMG-taxon 2639762615 annotated assembly	Jiangella alkaliphila
GCF_900090265.1	IMG-taxon 2623620551 annotated assembly	Micromonospora rifamycinica
GCF_900091445.1	IMG-taxon 2623620567 annotated assembly	Micromonospora echinofusca
GCF_900104895.1	IMG-taxon 2634166341 annotated assembly	Microterricola viridarii
GCF_012221945.1	ASM1222194v1	Glutamicibacter mishrai
GCF_009735645.1	ASM973564v1	Microbacterium oryzae
GCF_001580365.1	ASM158036v1	Kocuria turfanensis
GCF_900103625.1	IMG-taxon 2634166344 annotated assembly	Corynebacterium mycetoides
GCF_900105865.1	IMG-taxon 2634166335 annotated assembly	Arcanobacterium phocae
GCF_900108565.1	IMG-taxon 2636415969 annotated assembly	Mycolicibacterium rutilum
GCF_017378515.1	ASM1737851v1	Bifidobacterium saguini
GCF_900089595.1	IMG-taxon 2617270871 annotated assembly	Micromonospora auratinigra
GCF_900091515.1	IMG-taxon 2627854289 annotated assembly	Micromonospora purpureochromogenes
GCF_900104685.1	IMG-taxon 2634166342 annotated assembly	Agromyces flavus
GCF_900167475.1	IMG-taxon 2708742384 annotated assembly	Aeromicrobium choanae
GCF_900105445.1	IMG-taxon 2634166844 annotated assembly	Paraoerskovia marina
GCF_014117265.1	ASM1411726v1	Corynebacterium hindlerae
GCF_900105025.1	IMG-taxon 2636416177 annotated assembly	Parafannyhessea umbonata
GCF_013201155.1	ASM1320115v1	Berryella wangjianweii
GCF_023614315.1	ASM2361431v1	Streptomyces sudanensis
GCF_001746855.1	ASM174685v1	Pauljensenia hongkongensis
GCF_000349325.1	ASM34932v1	Streptomyces davaonensis JCM 4913
GCF_900103775.1	IMG-taxon 2634166198 annotated assembly	Allokutzneria albata
GCF_003626895.1	ASM362689v1	Nocardia yunnanensis
GCF_900090235.1	IMG-taxon 2623620557 annotated assembly	Micromonospora echinaurantiaca
GCF_900091425.1	IMG-taxon 2617270872 annotated assembly	Micromonospora krabiensis
GCF_900091545.1	IMG-taxon 2636416073 annotated assembly	Micromonospora viridifaciens
GCF_900091455.1	IMG-taxon 2623620612 annotated assembly	Micromonospora coriariae
GCF_900091505.1	IMG-taxon 2623620610 annotated assembly	Micromonospora chokoriensis
GCF_900090295.1	IMG-taxon 2623620609 annotated assembly	Micromonospora coxensis
GCF_900105385.1	IMG-taxon 2636416048 annotated assembly	Microlunatus soli
GCF_900090285.1	IMG-taxon 2623620396 annotated assembly	Micromonospora inositola
GCF_900089605.1	IMG-taxon 2617270834 annotated assembly	Micromonospora narathiwatensis
GCF_900104745.1	IMG-taxon 2636416006 annotated assembly	Actinopolymorpha singaporensis
GCF_900090305.1	IMG-taxon 2634166273 annotated assembly	Micromonospora siamensis
GCF_002214185.1	ASM221418v1	Streptomyces capitiformicae
GCF_025790165.1	ASM2579016v1	Solicola gregarius
GCF_900105065.1	IMG-taxon 2630969010 annotated assembly	Friedmanniella luteola
GCF_900101785.1	IMG-taxon 2636415982 annotated assembly	Auraticoccus monumenti
GCF_900105535.1	IMG-taxon 2634166282 annotated assembly	Pseudarthrobacter equi
GCF_900105045.1	IMG-taxon 2634166182 annotated assembly	Brevibacterium sandarakinum
GCF_900105785.1	IMG-taxon 2634166345 annotated assembly	Microlunatus sagamiharensis
GCF_900104965.1	IMG-taxon 2634166904 annotated assembly	Nocardioides scoriae
GCF_900105315.1	IMG-taxon 2634166531 annotated assembly	Brevibacterium siliguriense
GCF_900104525.1	IMG-taxon 2634166372 annotated assembly	Pedococcus dokdonensis
GCF_008365295.1	ASM836529v1	Agromyces intestinalis
GCF_900100885.1	IMG-taxon 2634166516 annotated assembly	Microbacterium pygmaeum
GCF_900099705.1	IMG-taxon 2634166279 annotated assembly	Agrococcus jejuensis
GCF_003606385.1	ASM360638v1	Actinomyces lilanjuaniae
GCF_900104705.1	IMG-taxon 2634166154 annotated assembly	Agrococcus carbonis
GCF_017357045.1	ASM1735704v1	Bifidobacterium imperatoris
GCF_014217255.1	ASM1421725v1	Corynebacterium incognita
GCF_023101205.1	ASM2310120v1	Microbacterium aurugineum
GCF_003355155.1	ASM335515v1	Streptomyces armeniacus
GCF_003293675.1	ASM329367v1	Gardnerella leopoldii
GCF_900143685.1	PRJEB18025	Parolsenella massiliensis
GCF_030758955.1	ASM3075895v1	Agrococcus beijingensis
GCF_003855255.1	ASM385525v1	Mycolicibacterium nivoides
GCF_000196675.2	ASM19667v2	Pseudonocardia dioxanivorans CB1190
GCF_000231055.2	ASM23105v3	Saccharomonospora azurea NA-128
GCF_000244975.1	ASM24497v1	Saccharomonospora cyanea NA-134
GCF_000244955.1	ASM24495v1	Saccharomonospora marina XMU15
GCF_000143825.1	ASM14382v1	Corynebacterium genitalium ATCC 33030
GCF_000243395.2	ASM24339v3	Saccharomonospora glauca K62
GCF_000160775.2	ASM16077v2	Aeromicrobium marinum DSM 15272
GCF_019668465.1	ASM1966846v1	Mycobacterium senriense
